"Latest: Tiempo (s)","Latest: Tasa de Flujo (L/s)","Latest: Volumen (L)"
0,-0.0517726412654,-0
0.01,-0.0612941258732,0.000565333835693
0.02,-0.0612941258732,0.00117827509443
0.03,-0.0422511566576,0.00169600150708
0.04,-0.0327296720498,0.00207090565062
0.05,-0.0422511566576,0.00244580979415
0.06,-0.0422511566576,0.00286832136073
0.07,-0.0422511566576,0.00329083292731
0.08,-0.0422511566576,0.00371334449388
0.09,-0.0517726412654,0.0041834634835
0.1,-0.0422511566576,0.00465358247311
0.11,-0.0517726412654,0.00512370146273
0.12,-0.0517726412654,0.00564142787538
0.13,-0.0612941258732,0.00620676171107
0.14,-0.0612941258732,0.00681970296981
0.15,-0.0612941258732,0.00743264422854
0.16,-0.0422511566576,0.00795037064119
0.17,-0.0517726412654,0.00842048963081
0.18,-0.0422511566576,0.00889060862042
0.19,-0.0612941258732,0.00940833503307
0.2,-0.0517726412654,0.00997366886877
0.21,-0.0612941258732,0.0105390027045
0.22,-0.0517726412654,0.0111043365402
0.23,-0.0422511566576,0.0115744555298
0.24,-0.0422511566576,0.0119969670963
0.25,-0.0422511566576,0.0124194786629
0.26,-0.0517726412654,0.0128895976525
0.27,-0.0422511566576,0.0133597166422
0.28,-0.0517726412654,0.0138298356318
0.29,-0.0517726412654,0.0143475620444
0.3,-0.0422511566576,0.014817681034
0.31,-0.0517726412654,0.0152878000236
0.32,-0.0612941258732,0.0158531338593
0.33,-0.0517726412654,0.016418467695
0.34,-0.0517726412654,0.0169361941077
0.35,-0.0517726412654,0.0174539205203
0.36,-0.0612941258732,0.018019254356
0.37,-0.0517726412654,0.0185845881917
0.38,-0.0517726412654,0.0191023146044
0.39,-0.0517726412654,0.019620041017
0.4,-0.0612941258732,0.0201853748527
0.41,-0.0517726412654,0.0207507086884
0.42,-0.0612941258732,0.0213160425241
0.43,-0.0612941258732,0.0219289837828
0.44,-0.0612941258732,0.0225419250416
0.45,-0.0612941258732,0.0231548663003
0.46,-0.0612941258732,0.023767807559
0.47,-0.0612941258732,0.0243807488178
0.48,-0.0612941258732,0.0249936900765
0.49,-0.0612941258732,0.0256066313352
0.5,-0.0708156104811,0.026267180017
0.51,-0.0612941258732,0.0269277286988
0.52,-0.0517726412654,0.0274930625345
0.53,-0.0612941258732,0.0280583963702
0.54,-0.0612941258732,0.0286713376289
0.55,-0.0612941258732,0.0292842788876
0.56,-0.0612941258732,0.0298972201464
0.57,-0.0612941258732,0.0305101614051
0.58,-0.0612941258732,0.0311231026638
0.59,-0.0517726412654,0.0316884364995
0.6,-0.0612941258732,0.0322537703352
0.61,-0.0517726412654,0.0328191041709
0.62,-0.0517726412654,0.0333368305836
0.63,-0.0517726412654,0.0338545569962
0.64,-0.0517726412654,0.0343722834089
0.65,-0.0517726412654,0.0348900098215
0.66,-0.0612941258732,0.0354553436572
0.67,-0.0708156104811,0.036115892339
0.68,-0.0612941258732,0.0367764410208
0.69,-0.0612941258732,0.0373893822795
0.7,-0.0708156104811,0.0380499309613
0.71,-0.0612941258732,0.038710479643
0.72,-0.0612941258732,0.0393234209018
0.73,-0.0612941258732,0.0399363621605
0.74,-0.0612941258732,0.0405493034192
0.75,-0.0612941258732,0.041162244678
0.76,-0.0612941258732,0.0417751859367
0.77,-0.0612941258732,0.0423881271954
0.78,-0.0708156104811,0.0430486758772
0.79,-0.0612941258732,0.043709224559
0.8,-0.0612941258732,0.0443221658177
0.81,-0.0612941258732,0.0449351070764
0.82,-0.0708156104811,0.0455956557582
0.83,-0.0612941258732,0.04625620444
0.84,-0.0612941258732,0.0468691456987
0.85,-0.0708156104811,0.0475296943805
0.86,-0.0612941258732,0.0481902430623
0.87,-0.0612941258732,0.048803184321
0.88,-0.0517726412654,0.0493685181567
0.89,-0.0612941258732,0.0499338519924
0.9,-0.0422511566576,0.050451578405
0.91,-0.0517726412654,0.0509216973946
0.92,-0.0612941258732,0.0514870312303
0.93,-0.0612941258732,0.0520999724891
0.94,-0.0612941258732,0.0527129137478
0.95,-0.0612941258732,0.0533258550065
0.96,-0.0708156104811,0.0539864036883
0.97,-0.0612941258732,0.0546469523701
0.98,-0.0612941258732,0.0552598936288
0.99,-0.0517726412654,0.0558252274645
1,-0.0517726412654,0.0563429538772
1.01,-0.0612941258732,0.0569082877128
1.02,-0.0612941258732,0.0575212289716
1.03,-0.0517726412654,0.0580865628073
1.04,-0.0708156104811,0.058699504066
1.05,-0.0612941258732,0.0593600527478
1.06,-0.0612941258732,0.0599729940065
1.07,-0.0612941258732,0.0605859352652
1.08,-0.0612941258732,0.061198876524
1.09,-0.0708156104811,0.0618594252057
1.1,-0.0517726412654,0.0624723664645
1.11,-0.0803370950889,0.0631329151462
1.12,-0.0422511566576,0.063745856405
1.13,-0.0612941258732,0.0642635828176
1.14,-0.0708156104811,0.0649241314994
1.15,-0.0612941258732,0.0655846801812
1.16,-0.0708156104811,0.0662452288629
1.17,-0.0612941258732,0.0669057775447
1.18,-0.0612941258732,0.0675187188034
1.19,-0.0708156104811,0.0681792674852
1.2,-0.0803370950889,0.0689350310131
1.21,-0.0898585796967,0.069786009387
1.22,-0.0803370950889,0.0706369877609
1.23,-0.0803370950889,0.0714403587118
1.24,-0.0517726412654,0.0721009073936
1.25,-0.0612941258732,0.0726662412293
1.26,-0.0803370950889,0.0733743973341
1.27,-0.0517726412654,0.0740349460159
1.28,-0.0422511566576,0.0745050650055
1.29,-0.0517726412654,0.0749751839951
1.3,-0.0422511566576,0.0754453029847
1.31,-0.0517726412654,0.0759154219743
1.32,-0.0517726412654,0.076433148387
1.33,-0.0708156104811,0.0770460896457
1.34,-0.0708156104811,0.0777542457505
1.35,-0.0612941258732,0.0784147944323
1.36,-0.0708156104811,0.0790753431141
1.37,-0.0612941258732,0.0797358917958
1.38,-0.0612941258732,0.0803488330546
1.39,-0.0612941258732,0.0809617743133
1.4,-0.0517726412654,0.081527108149
1.41,-0.0517726412654,0.0820448345616
1.42,-0.0422511566576,0.0825149535513
1.43,-0.0803370950889,0.08312789481
1.44,-0.204116394991,0.0845501622604
1.45,-0.384429509751,0.0874928917841
1.46,-0.5653377173,0.0922417279194
1.47,-0.736129347453,0.0987490632431
1.48,-0.964644978041,0.107252934871
1.49,-1.10687215437,0.117610520533
1.5,-1.16400106202,0.128964886615
1.51,-1.33479269217,0.141458855386
1.52,-1.35383566139,0.154901997153
1.53,-1.4966579305,0.169154465113
1.54,-1.63888510683,0.184832180299
1.55,-1.75314292213,0.201792320444
1.56,-1.81027182977,0.219609394204
1.57,-1.94357261428,0.238378616424
1.58,-2.00962791375,0.258144619064
1.59,-2.13340721365,0.278859794701
1.6,-2.1905361213,0.300479511376
1.61,-2.24766502895,0.322670517127
1.62,-2.34228478224,0.345620266183
1.63,-2.43749962831,0.369519188236
1.64,-2.46606408214,0.394037006788
1.65,-2.55175744361,0.419126114417
1.66,-2.50415002057,0.444405651738
1.67,-2.52319298979,0.46954236679
1.68,-2.51367150518,0.494726689264
1.69,-2.47558556675,0.519672974624
1.7,-2.43749962831,0.544238400599
1.71,-2.4184566591,0.568518182036
1.72,-2.42797814371,0.59275035605
1.73,-2.39941368988,0.616887315218
1.74,-2.39941368988,0.640881452117
1.75,-2.36132775145,0.664685159324
1.76,-2.32324181302,0.688108007146
1.77,-2.2946773592,0.711197603007
1.78,-2.23814354434,0.733861707525
1.79,-2.22862205973,0.756195535545
1.8,-2.18101463669,0.778243719027
1.81,-2.13340721365,0.799815828279
1.82,-2.09532127522,0.820959470723
1.83,-2.0667568214,0.841769861207
1.84,-2.01914939836,0.862199392305
1.85,-2.00010642914,0.882295671443
1.86,-1.97154197532,0.902153913465
1.87,-1.93405112968,0.92168187899
1.88,-1.90548667585,0.940879568018
1.89,-1.85787925281,0.959696397661
1.9,-1.84835776821,0.978227582766
1.91,-1.79122886056,0.99642551591
1.92,-1.68649252987,1.01381412286
1.93,-1.58235129197,1.03015834197
1.94,-1.54426535354,1.0457914252
1.95,-1.45857199207,1.06080561193
1.96,-1.35383566139,1.07486765019
1.97,-1.20208700045,1.0876472635
1.98,-1.0211787929,1.09876359247
1.99,-0.802779739708,1.10788338513
2,-0.536773263477,1.11458115015
2.01,-0.194594910383,1.11823799102
2.02,0.10949750428,1.11866347805
2.03,0.413589918942,1.11604804093
2.04,0.727203818213,1.11034407225
2.05,0.946197964193,1.10197706334
2.06,1.12651107895,1.09161351812
2.07,1.21220444042,1.07991994052
2.08,1.38299607058,1.06694393797
2.09,1.48773240126,1.05259029561
2.1,1.59246873195,1.03718928994
2.11,1.68708848524,1.02079150386
2.12,1.78230333132,1.00344454477
2.13,1.81086778514,0.985478689191
2.14,1.84895372357,0.967179581648
2.15,1.85847520818,0.948642436989
2.16,1.89656114661,0.929867255215
2.17,1.92512560044,0.91075882148
2.18,1.9911808999,0.891177288978
2.19,2.02926683833,0.871075050287
2.2,2.01974535373,0.850829989327
2.21,2.08639574598,0.830299283828
2.22,2.04830980755,0.80962575606
2.23,2.01022386912,0.789333087677
2.24,1.97213793069,0.769421278678
2.25,1.96261644608,0.749747506794
2.26,1.98165941529,0.730026127487
2.27,1.92512560044,0.710492202409
2.28,1.91560411583,0.691288553827
2.29,1.92512560044,0.672084905246
2.3,1.887039662,0.653024078934
2.31,1.84895372357,0.634344112006
2.32,1.82991075436,0.615949789616
2.33,1.81086778514,0.597745896919
2.34,1.74421739289,0.579970471029
2.35,1.70613145446,0.562718726792
2.36,1.68708848524,0.545752627093
2.37,1.67756700063,0.528929349664
2.38,1.65852403142,0.512248894504
2.39,1.62995957759,0.495806476459
2.4,1.6394810622,0.47945927326
2.41,1.59246873195,0.463299524289
2.42,1.55438279352,0.447565266662
2.43,1.46868943205,0.432449905534
2.44,1.47821091666,0.41771540379
2.45,1.48773240126,0.402885687201
2.46,1.48773240126,0.388008363188
2.47,1.45916794744,0.373273861445
2.48,1.46868943205,0.358634574547
2.49,1.46868943205,0.343947680227
2.5,1.46868943205,0.329260785906
2.51,1.45916794744,0.314621499009
2.52,1.4115605244,0.300267856649
2.53,1.42108200901,0.286104643982
2.54,1.38299607058,0.272084253584
2.55,1.37347458597,0.258301900302
2.56,1.36395310136,0.244614761865
2.57,1.31634567832,0.231213267967
2.58,1.25981186346,0.218332480258
2.59,1.24076889425,0.205829576469
2.6,1.21220444042,0.193564709796
2.61,1.1836399866,0.181585487661
2.62,1.13603256356,0.16998712491
2.63,1.14555404817,0.158579191851
2.64,1.11698959435,0.147266473639
2.65,1.10746810974,0.136144185118
2.66,1.07890365591,0.12521232629
2.67,1.07890365591,0.114423289731
2.68,1.07890365591,0.103634253172
2.69,1.04081771748,0.0930356463049
2.7,1.00273177905,0.0828178988222
2.71,0.964645840621,0.0729810107239
2.72,0.927154994977,0.0635220065459
2.73,0.860504602722,0.0545837085574
2.74,0.774811241252,0.0464071293375
2.75,0.65103194135,0.0392779134245
2.76,0.565933672668,0.0331930853544
2.77,0.461197341981,0.0280574302812
2.78,0.33741804208,0.0240643533609
2.79,0.176147896535,0.0214965236678
2.8,-0.0422511566576,0.0208270399684
2.81,-0.327895694893,0.0226777742262
2.82,-0.660552563379,0.0276200155175
2.83,-0.945602008826,0.0356507883786
2.84,-1.12591512359,0.0460083740406
2.85,-1.30682333114,0.0581720663143
2.86,-1.39192159982,0.0716657909691
2.87,-1.62995871501,0.0867751925432
2.88,-1.86740073742,0.104261989805
2.89,-1.99058494453,0.123551918215
2.9,-2.05723533679,0.143791019622
2.91,-2.14292869826,0.164791839797
2.92,-2.17149315208,0.186363949049
2.93,-2.28515587459,0.208647194182
2.94,-2.32324181302,0.23168918262
2.95,-2.31372032841,0.254873993327
2.96,-2.32324181302,0.278058804034
2.97,-2.33276329763,0.301338829588
2.98,-2.31372032841,0.324571247718
2.99,-2.25718651355,0.347425781928
3,-2.26670799816,0.370045254486
3.01,-2.25718651355,0.392664727045
3.02,-2.21910057512,0.415046162488
3.03,-2.18101463669,0.437046738547
3.04,-2.10484275983,0.45847602553
3.05,-2.09532127522,0.479476845705
3.06,-2.01914939836,0.500049199073
3.07,-2.04771385218,0.520383515326
3.08,-1.97154197532,0.540479794463
3.09,-1.97154197532,0.560195214216
3.1,-1.89596519124,0.579532750049
3.11,-1.85787925281,0.598301972269
3.12,-1.8388362836,0.616785549951
3.13,-1.82931479899,0.635126305364
3.14,-1.77218589134,0.653133808816
3.15,-1.74362143752,0.67071284546
3.16,-1.68649252987,0.687863415297
3.17,-1.66744956066,0.70463312575
3.18,-1.62995871501,0.721120167128
3.19,-1.60139426119,0.737276932009
3.2,-1.56330832276,0.753100444929
3.21,-1.52522238433,0.768543098464
3.22,-1.4871364459,0.783604892616
3.23,-1.43000753825,0.798190612536
3.24,-1.3728786306,0.812205043381
3.25,-1.33479269217,0.825743399994
3.26,-1.2592159081,0.838713442996
3.27,-1.19256551584,0.850972350115
3.28,-1.13543660819,0.862612360736
3.29,-1.04974324672,0.87353826001
3.3,-0.955123493433,0.883562593711
3.31,-0.850387162747,0.892590146992
3.32,-0.717086378238,0.900427514697
3.33,-0.5653377173,0.906839635174
3.34,-0.412993963575,0.911731293579
3.35,-0.232680848814,0.914959667641
3.36,-0.0232081874419,0.916239112822
3.37,0.204712350358,0.915331592007
3.38,0.442154372766,0.912097258392
3.39,0.65103194135,0.906631326821
3.4,0.860504602722,0.899073644101
3.41,1.03129623288,0.889614639923
3.42,1.10746810974,0.87892081821
3.43,1.25029037886,0.867132025767
3.44,1.35443161675,0.854108415789
3.45,1.46868943205,0.839992810545
3.46,1.5353398243,0.824972664263
3.47,1.59246873195,0.809333621482
3.48,1.62995957759,0.793221479934
3.49,1.62995957759,0.776921884158
3.5,1.66804551602,0.76043185869
3.51,1.66804551602,0.74375140353
3.52,1.67756700063,0.727023340947
3.53,1.66804551602,0.710295278363
3.54,1.65852403142,0.693662430626
3.55,1.71565293906,0.676791545774
3.56,1.66804551602,0.659873053498
3.57,1.62995957759,0.64338302803
3.58,1.61091660838,0.627178647101
3.59,1.60199021656,0.611114112976
3.6,1.56390427813,0.595284640502
3.61,1.55438279352,0.579693205144
3.62,1.55438279352,0.564149377209
3.63,1.52581833969,0.548748371543
3.64,1.47821091666,0.533728225261
3.65,1.48773240126,0.518898508672
3.66,1.46868943205,0.504116399505
3.67,1.44012497822,0.489572327454
3.68,1.44012497822,0.475171077671
3.69,1.42108200901,0.460865042735
3.7,1.39251755518,0.446797044914
3.71,1.40203903979,0.432824261939
3.72,1.39251755518,0.418851478965
3.73,1.35443161675,0.405116733105
3.74,1.35443161675,0.391572416937
3.75,1.32586716293,0.378170923039
3.76,1.30682419371,0.365007466256
3.77,1.30682419371,0.351939224319
3.78,1.27885483268,0.339010829187
3.79,1.25029037886,0.326365103129
3.8,1.1836399866,0.314195451302
3.81,1.16459701738,0.302454266282
3.82,1.15507553278,0.290855903531
3.83,1.13603256356,0.279400363049
3.84,1.12651107895,0.268087644837
3.85,1.09794662513,0.256965356316
3.86,1.08842514052,0.246033497488
3.87,1.09794662513,0.23510163866
3.88,1.06938217131,0.224264994678
3.89,1.0598606867,0.213618780388
3.9,1.05033920209,0.203067780944
3.91,1.04081771748,0.192611996346
3.92,1.01225326366,0.18234664144
3.93,0.983688809836,0.172366931073
3.94,0.974167325228,0.162577650397
3.95,0.946197964193,0.15297582395
3.96,0.908112025762,0.143704274001
3.97,0.879547571938,0.134765976012
3.98,0.879547571938,0.125970500293
3.99,0.831940148899,0.117413061688
4,0.803375695075,0.109236482469
4.01,0.774811241252,0.101345547787
4.02,0.698639364389,0.0939782947588
4.03,0.641510456742,0.0872775456531
4.04,0.575455157275,0.081192717583
4.05,0.489761795805,0.0758666328176
4.06,0.375503980511,0.071540303936
4.07,0.223755319574,0.0685440074356
4.08,0.0714115658484,0.0670681730085
4.09,-0.127944518128,0.0673508377699
4.1,-0.374908025144,0.0698651004863
4.11,-0.669478955198,0.075087035388
4.12,-0.917037555002,0.083019617939
4.13,-1.11639363898,0.0931867739089
4.14,-1.27825887731,0.10516003649
4.15,-1.31574972295,0.118130079492
4.16,-1.4871364459,0.132144510336
4.17,-1.62995871501,0.14772998614
4.18,-1.75314292213,0.164645494326
4.19,-1.82931479899,0.182557782932
4.2,-1.84835776821,0.200946145768
4.21,-1.87692222203,0.219572545719
4.22,-1.91500816046,0.238532197631
4.23,-1.92452964507,0.257729886659
4.24,-1.94357261428,0.277070397956
4.25,-1.99058494453,0.29674118575
4.26,-1.96202049071,0.316504212926
4.27,-1.94357261428,0.336032178451
4.28,-1.93405112968,0.355420297171
4.29,-1.90548667585,0.374617986198
4.3,-1.95309409889,0.393910890072
4.31,-1.96202049071,0.41348646302
4.32,-1.93405112968,0.432966821122
4.33,-1.90548667585,0.45216451015
4.34,-1.93405112968,0.471362199177
4.35,-1.88644370664,0.490464673359
4.36,-1.91500816046,0.509471932694
4.37,-1.92452964507,0.528669621722
4.38,-1.94357261428,0.548010133019
4.39,-1.95309409889,0.567493466585
4.4,-1.95309409889,0.587024407574
4.41,-1.93405112968,0.606460133716
4.42,-1.90548667585,0.625657822744
4.43,-1.90548667585,0.644712689503
4.44,-1.88644370664,0.663672341415
4.45,-1.89596519124,0.682584385904
4.46,-1.90548667585,0.70159164524
4.47,-1.84835776821,0.72036086746
4.48,-1.88644370664,0.739034874834
4.49,-1.86740073742,0.757804097055
4.5,-1.86740073742,0.776478104429
4.51,-1.84835776821,0.795056896957
4.52,-1.85787925281,0.813588082062
4.53,-1.85787925281,0.83216687459
4.54,-1.86740073742,0.850793274541
4.55,-1.89596519124,0.869610104185
4.56,-1.81027182977,0.88814128929
4.57,-1.86740073742,0.906529652126
4.58,-1.85787925281,0.925156052077
4.59,-1.87692222203,0.943830059451
4.6,-1.90548667585,0.962742103941
4.61,-1.85787925281,0.981558933584
4.62,-1.79122886056,0.999804474151
4.63,-1.75314292213,1.01752633306
4.64,-1.76266440673,1.03510536971
4.65,-1.73409995291,1.05258919151
4.66,-1.68649252987,1.06969215392
4.67,-1.67697104526,1.0865094718
4.68,-1.60139426119,1.10290129833
4.69,-1.60139426119,1.11891524094
4.7,-1.50617941511,1.13445310932
4.71,-1.4871364459,1.14941968863
4.72,-1.44905050746,1.16410062339
4.73,-1.34431417678,1.17806744681
4.74,-1.2592159081,1.19108509724
4.75,-1.16400106202,1.20320118209
4.76,-1.03070027751,1.21417468879
4.77,-0.917037555002,1.22391337795
4.78,-0.726607862845,1.23213160504
4.79,-0.47964435583,1.23816286613
4.8,-0.204116394991,1.24158166989
4.81,0.0809330504562,1.24219758661
4.82,0.375503980511,1.23991540145
4.83,0.670074910566,1.234687507
4.84,0.908112025762,1.22679657232
4.85,1.08842514052,1.21681388649
4.86,1.14555404817,1.20564399054
4.87,1.30682419371,1.19338209933
4.88,1.37347458597,1.17998060543
4.89,1.44012497822,1.16591260761
4.9,1.47821091666,1.15132092814
4.91,1.54486130891,1.13620556701
4.92,1.55438279352,1.1207093465
4.93,1.59246873195,1.10497508887
4.94,1.60199021656,1.08900279413
4.95,1.65852403142,1.07270022289
4.96,1.6394810622,1.05621019742
4.97,1.62995957759,1.03986299422
4.98,1.62995957759,1.02356339845
4.99,1.62043809298,1.00731141009
5,1.60199021656,0.991199268546
5.01,1.62043809298,0.975087126999
5.02,1.62043809298,0.958882746069
5.03,1.62043809298,0.942678365139
5.04,1.62043809298,0.926473984209
5.05,1.62043809298,0.910269603279
5.06,1.59246873195,0.894205069155
5.07,1.62995957759,0.878092927607
5.08,1.61091660838,0.861888546677
5.09,1.56390427813,0.846014442245
5.1,1.56390427813,0.830375399463
5.11,1.54486130891,0.814831571528
5.12,1.54486130891,0.799382958439
5.13,1.54486130891,0.78393434535
5.14,1.54486130891,0.768485732261
5.15,1.50677537048,0.753227548864
5.16,1.48773240126,0.738255010005
5.17,1.46868943205,0.723472900839
5.18,1.45916794744,0.708833613941
5.19,1.44012497822,0.694337149313
5.2,1.44964646283,0.679888292108
5.21,1.45916794744,0.665344220056
5.22,1.42108200901,0.650942970274
5.23,1.43060349362,0.636684542761
5.24,1.39251755518,0.622568937517
5.25,1.38299607058,0.608691369388
5.26,1.38299607058,0.594861408682
5.27,1.38299607058,0.581031447977
5.28,1.35443161675,0.56734430954
5.29,1.35443161675,0.553799993372
5.3,1.33538864754,0.540350892051
5.31,1.33538864754,0.526997005576
5.32,1.32586716293,0.513690726523
5.33,1.35443161675,0.500289232625
5.34,1.32586716293,0.486887738726
5.35,1.31634567832,0.47367667452
5.36,1.30682419371,0.46056082516
5.37,1.31634567832,0.4474449758
5.38,1.32586716293,0.434233911594
5.39,1.34491013215,0.420880025118
5.4,1.32586716293,0.407526138643
5.41,1.30682419371,0.39436268186
5.42,1.32586716293,0.381199225076
5.43,1.30682419371,0.368035768293
5.44,1.25981186346,0.355202588007
5.45,1.25029037886,0.342652076796
5.46,1.23124740964,0.330244387853
5.47,1.24076889425,0.317884306334
5.48,1.20268295582,0.305667047083
5.49,1.17411850199,0.293783039794
5.5,1.14555404817,0.282184677044
5.51,1.13603256356,0.270776743985
5.52,1.08842514052,0.259654455465
5.53,1.07890365591,0.248817811482
5.54,1.04081771748,0.238219204615
5.55,1.03129623288,0.227858634864
5.56,1.01225326366,0.217640887381
5.57,1.02177474827,0.207470747321
5.58,1.01225326366,0.197300607262
5.59,1.01225326366,0.187178074625
5.6,0.974167325228,0.177245971681
5.61,0.936676479585,0.167691752657
5.62,0.879547571938,0.158610632399
5.63,0.860504602722,0.149910371526
5.64,0.841461633507,0.141400540344
5.65,0.831940148899,0.133033531432
5.66,0.831940148899,0.124714129943
5.67,0.812897179683,0.116489943301
5.68,0.822418664291,0.108313364081
5.69,0.793854210468,0.100231999707
5.7,0.774811241252,0.0923886724483
5.71,0.698639364389,0.0850214194201
5.72,0.679596395174,0.0781302406222
5.73,0.613541095707,0.0716645531678
5.74,0.546890703452,0.065862394172
5.75,0.470718826589,0.0607743465218
5.76,0.394546949727,0.0564480176403
5.77,0.290405711828,0.0530232543325
5.78,0.176147896535,0.0506904862907
5.79,0.0714115658484,0.0494526889787
5.8,-0.0898585796967,0.049544924048
5.81,-0.261245302638,0.0513004434597
5.82,-0.432036932791,0.0547668546368
5.83,-0.669478955198,0.0602744340767
5.84,-0.897994585786,0.0681118017817
5.85,-1.12591512359,0.0782313503285
5.86,-1.34431417678,0.0905824968304
5.87,-1.45857199207,0.104596927675
5.88,-1.75314292213,0.120655502246
5.89,-2.01914939836,0.139516963848
5.9,-2.21910057512,0.160708213715
5.91,-2.44702111292,0.184038822156
5.92,-2.65589868151,0.209553421128
5.93,-2.81776391984,0.236921734135
5.94,-2.97903406539,0.265905724061
5.95,-3.10281336529,0.296314961214
5.96,-3.26408351083,0.328149445595
5.97,-3.38786281073,0.361409177203
5.98,-3.35929835691,0.395144983041
5.99,-3.35929835691,0.42873796661
6,-3.55924953368,0.463330706063
6.01,-3.57829250289,0.499018416246
6.02,-3.62530483314,0.535036402926
6.03,-3.62530483314,0.571289451257
6.04,-3.68243374079,0.607828144127
6.05,-3.66339077157,0.644557266689
6.06,-3.72051967922,0.681476818943
6.07,-3.80621304069,0.719110482542
6.08,-3.93891873241,0.757836141408
6.09,-3.80621304069,0.796561800273
6.1,-3.9198757632,0.835192244293
6.11,-3.9293972478,0.874438609348
6.12,-4.01509060927,0.914161048633
6.13,-3.97700467084,0.954121525033
6.14,-3.97700467084,0.993891571742
6.15,-3.95796170163,1.0335664036
6.16,-3.93891873241,1.07305080577
6.17,-3.88238491755,1.11215732402
6.18,-3.87286343295,1.15093356578
6.19,-3.98652615545,1.19023051372
6.2,-3.8157345253,1.22924181712
6.21,-3.82525600991,1.2674467698
6.22,-3.91035427859,1.30612482124
6.23,-3.96748318624,1.34551400857
6.24,-3.97700467084,1.38523644785
6.25,-3.96748318624,1.42495888714
6.26,-4.03413357849,1.46496697096
6.27,-4.0436550631,1.50535591417
6.28,-4.07221951692,1.54593528707
6.29,-4.20552030143,1.58732398616
6.3,-4.15791287839,1.62914115206
6.31,-4.19599881682,1.67091071053
6.32,-4.24301114707,1.71310576035
6.33,-4.29061857011,1.75577390894
6.34,-4.24301114707,1.79844205753
6.35,-4.30014005472,1.84115781353
6.36,-4.31918302394,1.88425442893
6.37,-4.30014005472,1.92735104432
6.38,-4.26205411629,1.97016201518
6.39,-4.18647733222,2.01240467242
6.4,-4.06269803231,2.05365054924
6.41,-4.10078397075,2.09446795926
6.42,-4.0436550631,2.13519015443
6.43,-3.93891873241,2.1751030234
6.44,-3.98652615545,2.21473024784
6.45,-3.89190640216,2.25412241063
6.46,-3.83477749451,2.29275583011
6.47,-3.73004116383,2.33057992341
6.48,-3.54020656446,2.36693116205
6.49,-3.4640346876,2.40195236831
6.5,-3.38786281073,2.4362118558
6.51,-3.27360499544,2.46951919483
6.52,-3.14089930372,2.50159171633
6.53,-3.06472742686,2.53261984998
6.54,-2.8939357967,2.5624131661
6.55,-2.7701564968,2.59073362756
6.56,-2.62733422768,2.61772108119
6.57,-2.42797814371,2.64299764304
6.58,-2.36132775145,2.66694417252
6.59,-2.25718651355,2.69003674384
6.6,-2.08579979061,2.71175167537
6.61,-1.93405112968,2.73185092997
6.62,-1.77218589134,2.75038211507
6.63,-1.56330832276,2.76705958614
6.64,-1.36335714599,2.78169291349
6.65,-1.17352254663,2.79437731195
6.66,-0.945602008826,2.80497293473
6.67,-0.755172316669,2.81347680635
6.68,-0.536773263477,2.81993653425
6.69,-0.318374210285,2.82421227162
6.7,-0.137466002736,2.82649147269
6.71,0.00476117359358,2.82715499683
6.72,0.157104927319,2.82634566633
6.73,0.280884227221,2.82415572056
6.74,0.346939526687,2.82101660179
6.75,0.356461011295,2.8174995991
6.76,0.318375072864,2.81412541868
6.77,0.290405711828,2.81108151475
6.78,0.271362742613,2.80827267248
6.79,0.299927196436,2.80541622279
6.8,0.356461011295,2.80213428175
6.81,0.394546949727,2.79837924194
6.82,0.385025465119,2.79448137987
6.83,0.356461011295,2.79077394749
6.84,0.33741804208,2.78730455222
6.85,0.33741804208,2.7839303718
6.86,0.346939526687,2.78050858395
6.87,0.375503980511,2.77689636642
6.88,0.394546949727,2.77304611177
6.89,0.394546949727,2.76910064227
6.9,0.365982495903,2.76529799504
6.91,0.356461011295,2.76168577751
6.92,0.394546949727,2.7579307377
6.93,0.480240311197,2.7535568014
6.94,0.575455157275,2.74827832405
6.95,0.670074910566,2.74205067371
6.96,0.736725302821,2.73501667265
6.97,0.727203818213,2.72769702704
6.98,0.670074910566,2.7207106334
6.99,0.604019611099,2.71434016079
7,0.565933672668,2.70849039437
7.01,0.55641218806,2.70287866507
7.02,0.584976641883,2.69717172092
7.03,0.632584064922,2.69108391738
7.04,0.698639364389,2.68442780024
7.05,0.793854210468,2.67696533236
7.06,0.87002608733,2.66864593087
7.07,0.927154994977,2.65966002546
7.08,0.983688809836,2.65010580644
7.09,1.02177474827,2.64007848865
7.1,1.09794662513,2.62947988178
7.11,1.19316147121,2.6180243413
7.12,1.32586716293,2.60542919813
7.13,1.45916794744,2.59150402258
7.14,1.59246873195,2.57624583918
7.15,1.71565293906,2.55970523082
7.16,1.85847520818,2.54183459009
7.17,1.9911808999,2.52258630955
7.18,2.1054387152,2.50210321147
7.19,2.19113207667,2.48062035751
7.2,2.25778246892,2.45837578479
7.21,2.31431628378,2.43551529102
7.22,2.31431628378,2.41237212818
7.23,2.30479479917,2.38927657277
7.24,2.30479479917,2.36622862478
7.25,2.37144519143,2.34284742482
7.26,2.42857409907,2.31884732837
7.27,2.49522449133,2.29422833542
7.28,2.57139636819,2.26889523112
7.29,2.63745166766,2.24285099094
7.3,2.67553760609,2.21628604457
7.31,2.75170948295,2.18914980913
7.32,2.69458057531,2.16191835884
7.33,2.67553760609,2.13506776793
7.34,2.6850590907,2.10826478445
7.35,2.70410205991,2.08131897869
7.36,2.67553760609,2.05442078036
7.37,2.6850590907,2.02761779688
7.38,2.65649463687,2.00091002824
7.39,2.65649463687,1.97434508187
7.4,2.72314502913,1.94744688354
7.41,2.84692432903,1.91959653675
7.42,2.72314502913,1.89174618996
7.43,2.72314502913,1.86451473967
7.44,2.66601612148,1.83756893392
7.45,2.64697315227,1.81100398755
7.46,2.65649463687,1.7844866486
7.47,2.6850590907,1.75777887997
7.48,2.74218799834,1.73064264452
7.49,2.79931690599,1.70293512
7.5,2.84692432903,1.67470391382
7.51,2.79931690599,1.64647270765
7.52,2.76123096756,1.61866996828
7.53,2.73266651374,1.59120048087
7.54,2.76123096756,1.56373099347
7.55,2.70410205991,1.53640432833
7.56,2.72314502913,1.50926809288
7.57,2.71362354452,1.48208425002
7.58,2.74218799834,1.4548051923
7.59,2.69458057531,1.42762134943
7.6,2.67553760609,1.40077075853
7.61,2.61840869844,1.374301027
7.62,2.64697315227,1.34797411775
7.63,2.66601612148,1.32140917138
7.64,2.66601612148,1.29474901017
7.65,2.67553760609,1.26804124153
7.66,2.71362354452,1.24109543578
7.67,2.6850590907,1.2141020226
7.68,2.65649463687,1.18739425396
7.69,2.67553760609,1.16073409275
7.7,2.60888721384,1.13431196865
7.71,2.62793018305,1.10812788166
7.72,2.6850590907,1.08156293529
7.73,2.65649463687,1.05485516666
7.74,2.69458057531,1.0280997906
7.75,2.57139636819,1.00176990588
7.76,2.57139636819,0.976055942197
7.77,2.53331042976,0.950532408207
7.78,2.48570300672,0.925437341025
7.79,2.46666003751,0.900675525803
7.8,2.40000964525,0.87634217739
7.81,2.37144519143,0.852484903206
7.82,2.37144519143,0.828770451292
7.83,2.3428807376,0.805198821647
7.84,2.2292180151,0.782338327883
7.85,2.24826098431,0.759950932886
7.86,2.2292180151,0.737563537889
7.87,2.15304613824,0.715652217122
7.88,2.06735277676,0.694550222547
7.89,2.01022386912,0.674162339318
7.9,1.95309496147,0.654345745165
7.91,1.94357347686,0.634862402973
7.92,1.887039662,0.615709337279
7.93,1.82038926975,0.59717219262
7.94,1.78230333132,0.579158729615
7.95,1.75373887749,0.561478518571
7.96,1.68708848524,0.544274381757
7.97,1.65852403142,0.527546319174
7.98,1.59246873195,0.511291355357
7.99,1.57342576273,0.495461882884
8,1.50677537048,0.480060877218
8.01,1.48773240126,0.465088338359
8.02,1.44012497822,0.450449051462
8.03,1.40203903979,0.436238231372
8.04,1.37347458597,0.422360663243
8.05,1.33538864754,0.408816347075
8.06,1.2877812245,0.395700497715
8.07,1.22172592503,0.383152961967
8.08,1.17411850199,0.371173739832
8.09,1.07890365591,0.359908629043
8.1,0.983688809836,0.349595666714
8.11,0.917633510369,0.340089055113
8.12,0.812897179683,0.331436401663
8.13,0.746246787428,0.323640681827
8.14,0.660553425958,0.31660668076
8.15,0.55641218806,0.31052185269
8.16,0.508804765021,0.305195767925
8.17,0.442154372766,0.300440972236
8.18,0.394546949727,0.296257465623
8.19,0.346939526687,0.292550033241
8.2,0.327896557472,0.289175852821
8.21,0.318375072864,0.285944494669
8.22,0.299927196436,0.282852983322
8.23,0.290405711828,0.279901318781
8.24,0.280884227221,0.277044869086
8.25,0.271362742613,0.274283634237
8.26,0.271362742613,0.27157000681
8.27,0.252319773397,0.26895159423
8.28,0.233276804182,0.266523611343
8.29,0.214233834966,0.264286058147
8.3,0.166626411927,0.262381756912
8.31,0.147583442711,0.260810707639
8.32,0.10949750428,0.259525302904
8.33,0.0618900812406,0.258668364977
8.34,-0.0232081874419,0.258474955508
8.35,-0.11842303352,0.259183111612
8.36,-0.213637879599,0.260843416178
8.37,-0.299331241069,0.263408261781
8.38,-0.374908025144,0.266779458112
8.39,-0.432036932791,0.270814182902
8.4,-0.536773263477,0.275658233883
8.41,-0.593902171124,0.281311611056
8.42,-0.651031078771,0.287536277306
8.43,-0.726607862845,0.294424472014
8.44,-0.802779739708,0.302071410027
8.45,-0.878951616571,0.310480066808
8.46,-0.992614339077,0.319837896586
8.47,-1.11639363898,0.330382936477
8.48,-1.20208700045,0.341975339674
8.49,-1.27825887731,0.354377069063
8.5,-1.41096456903,0.367823186294
8.51,-1.45857199207,0.3821708691
8.52,-1.4871364459,0.39689941129
8.53,-1.56330832276,0.412151635133
8.54,-1.58235129197,0.427879933207
8.55,-1.62995871501,0.443941483242
8.56,-1.66744956066,0.46042852462
8.57,-1.67697104526,0.477150627649
8.58,-1.70553549909,0.494063160371
8.59,-1.69601401448,0.511070907939
8.6,-1.74362143752,0.528269085199
8.61,-1.74362143752,0.545705299574
8.62,-1.80075034517,0.563427158488
8.63,-1.82931479899,0.581577484209
8.64,-1.88644370664,0.600156276737
8.65,-1.90548667585,0.619115928649
8.66,-1.96202049071,0.638453464482
8.67,-1.94357261428,0.657981430007
8.68,-2.00962791375,0.677747432647
8.69,-1.96202049071,0.697605674669
8.7,-2.01914939836,0.717511524115
8.71,-2.01914939836,0.737703018098
8.72,-1.96202049071,0.757608867544
8.73,-2.00962791375,0.777467109566
8.74,-2.05723533679,0.797801425819
8.75,-2.03819236757,0.81827856434
8.76,-2.04771385218,0.838708095439
8.77,-1.98106345993,0.858851982
8.78,-1.90548667585,0.878284732679
8.79,-1.93405112968,0.897482421706
8.8,-1.85787925281,0.916442073619
8.81,-1.81027182977,0.934782829032
8.82,-1.73409995291,0.952504687945
8.83,-1.75314292213,0.96994090232
8.84,-1.62995871501,0.986856410506
8.85,-1.57282980737,1.00287035312
8.86,-1.50617941511,1.01826539923
8.87,-1.45857199207,1.03308915627
8.88,-1.41096456903,1.04743683907
8.89,-1.3728786306,1.06135605507
8.9,-1.35383566139,1.07498962653
8.91,-1.29730184653,1.08824531407
8.92,-1.2592159081,1.10102790284
8.93,-1.20208700045,1.11333441739
8.94,-1.12591512359,1.12497442801
8.95,-1.07830770055,1.13599554213
8.96,-0.992614339077,1.14635015232
8.97,-0.897994585786,1.15580319695
8.98,-0.783736770492,1.16421185373
8.99,-0.679000439806,1.17152553978
9,-0.5653377173,1.17774723057
9.01,-0.432036932791,1.18273410382
9.02,-0.270766787246,1.18624812242
9.03,-0.0898585796967,1.18805124925
9.04,0.0714115658484,1.18814348432
9.05,0.233276804182,1.18662004247
9.06,0.394546949727,1.1834809237
9.07,0.518326249628,1.17891655771
9.08,0.623062580315,1.17320961356
9.09,0.746246787428,1.16636306672
9.1,0.841461633507,1.15842452461
9.11,0.927154994977,1.14958144147
9.12,1.0598606867,1.13964636306
9.13,1.17411850199,1.12847646712
9.14,1.2877812245,1.11616696849
9.15,1.39251755518,1.10276547459
9.16,1.48773240126,1.0883642248
9.17,1.58294724734,1.07301082656
9.18,1.68708848524,1.0566606479
9.19,1.70613145446,1.0396945482
9.2,1.75373887749,1.02239519654
9.21,1.79182481593,1.00466737807
9.22,1.79182481593,0.986749129914
9.23,1.81086778514,0.968735666909
9.24,1.85847520818,0.950388951942
9.25,1.83943223896,0.931899414706
9.26,1.83943223896,0.913505092317
9.27,1.82038926975,0.895205984773
9.28,1.78230333132,0.877192521768
9.29,1.84895372357,0.859036236494
9.3,1.86799669279,0.840451484412
9.31,1.85847520818,0.821819124907
9.32,1.8775181774,0.803139157979
9.33,1.86799669279,0.784411583628
9.34,1.93464708504,0.765398364739
9.35,1.91560411583,0.746147108735
9.36,1.90608263122,0.727038674999
9.37,1.91560411583,0.707930241264
9.38,1.96261644608,0.688539138454
9.39,1.97213793069,0.668865366571
9.4,2.00070238451,0.649001164995
9.41,1.97213793069,0.629136963419
9.42,1.98165941529,0.609367976689
9.43,1.98165941529,0.589551382536
9.44,1.9911808999,0.56968718096
9.45,1.9911808999,0.549775371961
9.46,2.01022386912,0.529768348116
9.47,2.04830980755,0.509475679732
9.48,2.05783129216,0.488944974234
9.49,2.00070238451,0.468652305851
9.5,2.08639574598,0.448216815198
9.51,2.01022386912,0.427733717123
9.52,2.00070238451,0.407679085854
9.53,2.01022386912,0.387624454586
9.54,1.98165941529,0.367665038164
9.55,1.97213793069,0.347896051434
9.56,1.9911808999,0.328079457281
9.57,1.92512560044,0.30849792478
9.58,1.90608263122,0.289341883621
9.59,1.89656114661,0.270328664732
9.6,1.86799669279,0.251505875535
9.61,1.85847520818,0.23287351603
9.62,1.86799669279,0.214241156526
9.63,1.82038926975,0.195799226713
9.64,1.83943223896,0.177500119169
9.65,1.80134630053,0.159296226472
9.66,1.78230333132,0.141377978313
9.67,1.7632603621,0.123650159845
9.68,1.7632603621,0.106017556224
9.69,1.7632603621,0.0883849526035
9.7,1.69660996985,0.0710856009437
9.71,1.65852403142,0.0543099309374
9.72,1.61091660838,0.0379627277384
9.73,1.58294724734,0.0219934084598
9.74,1.51629685509,0.00649718794763
9.75,1.46868943205,-0.00842774348807
9.76,1.4115605244,-0.0228289932703
9.77,1.37347458597,-0.0367541688222
9.78,1.32586716293,-0.0502508775667
9.79,1.26933334807,-0.0632268801217
9.8,1.19316147121,-0.0755393542181
9.81,1.13603256356,-0.0871853243919
9.82,1.01225326366,-0.097926753528
9.83,0.889069056546,-0.107433365129
9.84,0.736725302821,-0.115562336926
9.85,0.527847734236,-0.121885202111
9.86,0.261841258005,-0.125833647072
9.87,-0.0136867028341,-0.127074419848
9.88,-0.34634357132,-0.125274268477
9.89,-0.698043409022,-0.120052333576
9.9,-0.964644978041,-0.11173889164
9.91,-1.17352254663,-0.101048054017
9.92,-1.34431417678,-0.0884588704
9.93,-1.34431417678,-0.0750157286322
9.94,-1.52522238433,-0.0606680458267
9.95,-1.63888510683,-0.0448475083709
9.96,-1.67697104526,-0.0282682276104
9.97,-1.77218589134,-0.0110224429274
9.98,-1.79122886056,0.00679463083207
9.99,-1.80075034517,0.0247545268607
10,-1.85787925281,0.0430476748506
10.01,-1.94357261428,0.0620549341861
10.02,-1.94357261428,0.0814906603289
10.03,-1.95309409889,0.100973993895
10.04,-1.98106345993,0.120644781689
10.05,-1.95309409889,0.140315569483
10.06,-2.00962791375,0.160129179546
10.07,-2.00962791375,0.180225458684
10.08,-1.95309409889,0.200039068747
10.09,-1.93405112968,0.21947479489
10.1,-1.91500816046,0.23872009134
10.11,-1.93405112968,0.257965387791
10.12,-1.90548667585,0.277163076819
10.13,-1.94357261428,0.296408373269
10.14,-1.95309409889,0.315891706835
10.15,-1.96202049071,0.335467279783
10.16,-1.96202049071,0.35508748469
10.17,-2.01914939836,0.374993334136
10.18,-2.0667568214,0.395422865234
10.19,-2.04771385218,0.415995218602
10.2,-2.05723533679,0.436519964547
10.21,-1.99058494453,0.456759065954
10.22,-1.98106345993,0.476617307976
10.23,-1.94357261428,0.496240488347
10.24,-1.94357261428,0.51567621449
10.25,-1.96202049071,0.535204180015
10.26,-1.93405112968,0.554684538117
10.27,-1.92452964507,0.573977441991
10.28,-1.92452964507,0.593222738441
10.29,-1.90548667585,0.612372820046
10.3,-1.84835776821,0.631142042266
10.31,-1.81979331438,0.649482797679
10.32,-1.79122886056,0.667537908554
10.33,-1.77218589134,0.685354982313
10.34,-1.70553549909,0.702743589266
10.35,-1.73409995291,0.719941766526
10.36,-1.66744956066,0.736949514093
10.37,-1.63888510683,0.753481187431
10.38,-1.65792807605,0.769965253345
10.39,-1.64840659144,0.786496926683
10.4,-1.67697104526,0.803123814866
10.41,-1.67697104526,0.819893525319
10.42,-1.70553549909,0.836806058041
10.43,-1.63888510683,0.85352816107
10.44,-1.63888510683,0.869917012138
10.45,-1.66744956066,0.886448685476
10.46,-1.67697104526,0.903170788505
10.47,-1.70553549909,0.920083321227
10.48,-1.63888510683,0.936805424257
10.49,-1.59187277658,0.952959213674
10.5,-1.57282980737,0.968782726594
10.51,-1.51570089972,0.984225380129
10.52,-1.4871364459,0.999239566857
10.53,-1.43000753825,1.01382528678
10.54,-1.41096456903,1.02803014731
10.55,-1.35383566139,1.04185414847
10.56,-1.30682333114,1.05515744343
10.57,-1.23065145427,1.06784481736
10.58,-1.17352254663,1.07986568736
10.59,-1.11639363898,1.09131526829
10.6,-1.0211787929,1.10200313045
10.61,-0.936080524218,1.11178942703
10.62,-0.821822708924,1.1205789432
10.63,-0.717086378238,1.12827348864
10.64,-0.612945140339,1.13492364623
10.65,-0.432036932791,1.14014855659
10.66,-0.232680848814,1.1434721455
10.67,-0.0136867028341,1.14470398326
10.68,0.19519086575,1.14379646245
10.69,0.404068434334,1.14080016594
10.7,0.575455157275,1.13590254799
10.71,0.698639364389,1.12953207538
10.72,0.78433272586,1.12211721493
10.73,0.841461633507,1.11398824313
10.74,0.831940148899,1.10562123422
10.75,0.946197964193,1.09673054365
10.76,1.00273177905,1.08698589494
10.77,1.05033920209,1.07672054003
10.78,1.11698959435,1.06588389605
10.79,1.16459701738,1.05447596299
10.8,1.21220444042,1.0425919557
10.81,1.27885483268,1.03013665934
10.82,1.30682419371,1.0172082642
10.83,1.34491013215,1.00394959257
10.84,1.35443161675,0.99045288383
10.85,1.39251755518,0.97671813797
10.86,1.4115605244,0.962697747572
10.87,1.45916794744,0.948344105213
10.88,1.45916794744,0.933752425739
10.89,1.44964646283,0.919208353688
10.9,1.46868943205,0.904616674213
10.91,1.45916794744,0.889977387316
10.92,1.44964646283,0.875433315264
10.93,1.44012497822,0.860984458059
10.94,1.43060349362,0.8466308157
10.95,1.44012497822,0.832277173341
10.96,1.44964646283,0.817828316135
10.97,1.43060349362,0.803427066353
10.98,1.47821091666,0.788882994302
10.99,1.47821091666,0.774100885135
11,1.49725388587,0.759223561123
11.01,1.54486130891,0.744012985149
11.02,1.56390427813,0.728469157213
11.03,1.56390427813,0.712830114432
11.04,1.56390427813,0.697191071651
11.05,1.56390427813,0.68155202887
11.06,1.59246873195,0.665770163819
11.07,1.59246873195,0.6498454765
11.08,1.56390427813,0.634063611449
11.09,1.57342576273,0.618376961245
11.1,1.52581833969,0.602880740733
11.11,1.51629685509,0.587670164759
11.12,1.50677537048,0.572554803631
11.13,1.48773240126,0.557582264772
11.14,1.46868943205,0.542800155606
11.15,1.43060349362,0.528303690977
11.16,1.43060349362,0.513997656041
11.17,1.42108200901,0.499739228528
11.18,1.4115605244,0.485576015861
11.19,1.39251755518,0.471555625463
11.2,1.38299607058,0.457678057334
11.21,1.34491013215,0.444038526321
11.22,1.32586716293,0.430684639845
11.23,1.32586716293,0.417425968216
11.24,1.30682419371,0.404262511433
11.25,1.29730270911,0.391241876919
11.26,1.26933334807,0.378408696633
11.27,1.25029037886,0.365810577998
11.28,1.24076889425,0.353355281633
11.29,1.22172592503,0.341042807536
11.3,1.22172592503,0.328825548286
11.31,1.20268295582,0.316703503882
11.32,1.17411850199,0.304819496593
11.33,1.16459701738,0.293125918996
11.34,1.15507553278,0.281527556245
11.35,1.12651107895,0.270119623186
11.36,1.09794662513,0.258997334666
11.37,1.07890365591,0.248113083261
11.38,1.02177474827,0.23760969124
11.39,0.974167325228,0.227629980872
11.4,0.936676479585,0.218075761848
11.41,0.879547571938,0.208994641591
11.42,0.822418664291,0.20048481041
11.43,0.755768272036,0.192593875728
11.44,0.65103194135,0.185559874661
11.45,0.55641218806,0.179522654014
11.46,0.442154372766,0.17452982121
11.47,0.290405711828,0.170867020787
11.48,0.10949750428,0.168867504706
11.49,-0.0803370950889,0.16872170266
11.5,-0.261245302638,0.170429614649
11.51,-0.422515448183,0.173848418403
11.52,-0.622466624947,0.179073328769
11.53,-0.774215285885,0.186056738323
11.54,-0.917037555002,0.194513002527
11.55,-1.0211787929,0.204204084267
11.56,-1.05926473133,0.214606301888
11.57,-1.09735066976,0.225389378893
11.58,-1.15447957741,0.236648530129
11.59,-1.2592159081,0.248717007557
11.6,-1.35383566139,0.261782265404
11.61,-1.41096456903,0.275606266556
11.62,-1.59187277658,0.290620453284
11.63,-1.63888510683,0.306774242701
11.64,-1.75314292213,0.323734382846
11.65,-1.82931479899,0.341646671452
11.66,-1.90548667585,0.360320678826
11.67,-1.98106345993,0.379753429505
11.68,-2.09532127522,0.400135353181
11.69,-2.17149315208,0.421469425317
11.7,-2.21910057512,0.443422393953
11.71,-2.26670799816,0.46585143682
11.72,-2.28515587459,0.488610756183
11.73,-2.2946773592,0.511509922352
11.74,-2.36132775145,0.534789947906
11.75,-2.30419884381,0.558117580882
11.76,-2.34228478224,0.581349999012
11.77,-2.36132775145,0.604868061681
11.78,-2.35180626684,0.628433731772
11.79,-2.34228478224,0.651904187017
11.8,-2.35180626684,0.675374642263
11.81,-2.42797814371,0.699273564316
11.82,-2.38989220528,0.723362916061
11.83,-2.36132775145,0.747119015844
11.84,-2.33276329763,0.77058947109
11.85,-2.38037072067,0.794155141181
11.86,-2.36132775145,0.817863633542
11.87,-2.28515587459,0.841096051672
11.88,-2.22862205973,0.863664941343
11.89,-2.24766502895,0.886046376787
11.9,-2.18101463669,0.908189775115
11.91,-2.14292869826,0.92980949179
11.92,-2.13340721365,0.951191171349
11.93,-2.16197166748,0.972668065755
11.94,-2.09532127522,0.993954530468
11.95,-2.07627830601,1.01481252837
11.96,-2.03819236757,1.03538488174
11.97,-1.99058494453,1.0555287683
11.98,-2.02867088297,1.07562504744
11.99,-2.04771385218,1.09600697112
12,-2.0667568214,1.11657932448
12.01,-2.13340721365,1.13758014466
12.02,-2.1905361213,1.15919986133
12.03,-2.20005760591,1.18115282997
12.04,-2.1905361213,1.20310579861
12.05,-2.17149315208,1.22491594497
12.06,-2.23814354434,1.24696412846
12.07,-2.20957909052,1.26920274163
12.08,-2.18101463669,1.29115571027
12.09,-2.20957909052,1.3131086789
12.1,-2.14292869826,1.33487121785
12.11,-2.08579979061,1.35601486029
12.12,-2.05723533679,1.37673003593
12.13,-1.94357261428,1.39673407568
12.14,-1.90548667585,1.41597937213
12.15,-1.84835776821,1.43474859435
12.16,-1.70553549909,1.45251806069
12.17,-1.60139426119,1.46905270949
12.18,-1.47761496129,1.4844477556
12.19,-1.44905050746,1.49908108295
12.2,-1.34431417678,1.51304790637
12.21,-1.2687373927,1.52611316422
12.22,-1.2592159081,1.53875293072
12.23,-1.24969442349,1.55129748238
12.24,-1.27825887731,1.56393724888
12.25,-1.31574972295,1.57690729188
12.26,-1.36335714599,1.59030282623
12.27,-1.39192159982,1.60407921996
12.28,-1.42048605364,1.61814125822
12.29,-1.43000753825,1.63239372618
12.3,-1.45857199207,1.64683662384
12.31,-1.4871364459,1.66156516603
12.32,-1.59187277658,1.67696021214
12.33,-1.67697104526,1.69330443125
12.34,-1.80075034517,1.7106930382
12.35,-1.88644370664,1.72912900846
12.36,-2.08579979061,1.74899022594
12.37,-2.23814354434,1.77060994262
12.38,-2.38989220528,1.79375012137
12.39,-2.58984338204,1.8186487993
12.4,-2.81776391984,1.84568683581
12.41,-2.92250025053,1.87438815666
12.42,-2.9980770346,1.90399104309
12.43,-3.10281336529,1.93449549509
12.44,-3.18850672676,1.96595209555
12.45,-3.2361141498,1.99807519993
12.46,-3.34025538769,2.03095704762
12.47,-3.38786281073,2.06459763861
12.48,-3.30216944926,2.09804779991
12.49,-3.22659266519,2.13069161048
12.5,-3.34025538769,2.16352585075
12.51,-3.25515711901,2.19650291328
12.52,-3.27360499544,2.22914672385
12.53,-3.36881984152,2.26235884804
12.54,-3.25515711901,2.29547873284
12.55,-3.17898524215,2.32764944465
12.56,-3.22659266519,2.35967733418
12.57,-3.14089930372,2.39151479403
12.58,-3.05520594225,2.42249532026
12.59,-2.97903406539,2.4526665203
12.6,-2.92250025053,2.48217419188
12.61,-2.97903406539,2.51168186346
12.62,-2.90345728131,2.54109432019
12.63,-2.82728540445,2.56974803362
12.64,-2.7701564968,2.59773524313
12.65,-2.62733422768,2.62472269675
12.66,-2.51367150518,2.65042772541
12.67,-2.48510705135,2.67542161819
12.68,-2.37084923606,2.69970139963
12.69,-2.27622948277,2.72293679323
12.7,-2.22862205973,2.74546105094
12.71,-2.12388572904,2.76722358988
12.72,-2.01914939836,2.78793876552
12.73,-1.95309409889,2.80779998301
12.74,-1.91500816046,2.8271404943
12.75,-1.79122886056,2.84567167941
12.76,-1.67697104526,2.86301267894
12.77,-1.53474386894,2.87907125351
12.78,-1.41096456903,2.8937997957
12.79,-1.2592159081,2.90715069808
12.8,-1.04974324672,2.91869549386
12.81,-0.878951616571,2.92833896817
12.82,-0.802779739708,2.93674762495
12.83,-0.651031078771,2.94401667905
12.84,-0.527251778869,2.94990809334
12.85,-0.384429509751,2.95446649978
12.86,-0.270766787246,2.95774248126
12.87,-0.166030456559,2.95992646748
12.88,-0.0803370950889,2.96115830524
12.89,-0.0327296720498,2.96172363908
12.9,0.00476117359358,2.96186348157
12.91,-0.0136867028341,2.96190810921
12.92,-0.0136867028341,2.96204497624
12.93,0.0238041428092,2.96199438904
12.94,0.0618900812406,2.96156591792
12.95,0.0904545350641,2.96080419484
12.96,0.0904545350641,2.95989964949
12.97,0.0714115658484,2.95909031899
12.98,0.0618900812406,2.95842381075
12.99,0.0333256274171,2.95794773221
13,-0.0136867028341,2.95784953758
13.01,-0.0422511566576,2.95812922688
13.02,-0.0612941258732,2.95864695329
13.03,-0.0232081874419,2.95906946486
13.04,0.0333256274171,2.95901887766
13.05,0.0809330504562,2.95844758427
13.06,0.147583442711,2.95730500181
13.07,0.147583442711,2.95582916738
13.08,0.128540473495,2.9544485478
13.09,0.0904545350641,2.95335357276
13.1,0.0333256274171,2.95273467194
13.11,-0.0136867028341,2.95263647732
13.12,-0.0708156104811,2.95305898889
13.13,-0.0898585796967,2.95386235984
13.14,-0.108901548912,2.95485616048
13.15,-0.0993800643046,2.95589756855
13.16,-0.0803370950889,2.95679615434
13.17,-0.0422511566576,2.9574090956
13.18,-0.00476031101425,2.95764415294
13.19,0.0333256274171,2.95750132636
13.2,0.0618900812406,2.95702524782
13.21,0.0999760196719,2.95621591731
13.22,0.138061958103,2.95502572742
13.23,0.19519086575,2.9533594633
13.24,0.252319773397,2.95112191011
13.25,0.318375072864,2.94826843588
13.26,0.375503980511,2.94479904061
13.27,0.461197341981,2.940615534
13.28,0.594498126491,2.93533705665
13.29,0.78433272586,2.92844290239
13.3,1.05033920209,2.91926954275
13.31,1.39251755518,2.90705525897
13.32,1.82038926975,2.89099072484
13.33,2.30479479917,2.8703648045
13.34,2.78979542138,2.84489185339
13.35,3.21766713595,2.81485454061
13.36,3.65446524233,2.78049387872
13.37,3.99664359543,2.74223833453
13.38,4.16803031837,2.70141496496
13.39,4.36738640234,2.65873788135
13.4,4.52925164068,2.61425469114
13.41,4.59530694014,2.56863189824
13.42,4.71908624005,2.52205993233
13.43,4.82382257073,2.47434538828
13.44,5.08982904696,2.42477713019
13.45,5.04222162392,2.37411687684
13.46,5.02317865471,2.32378987544
13.47,5.2415777079,2.27246609363
13.48,5.23205622329,2.22009792398
13.49,5.33679255398,2.16725368009
13.5,5.22253473868,2.11445704363
13.51,5.26062067712,2.06204126655
13.52,5.30822810016,2.00919702266
13.53,5.39392146163,1.95568627485
13.54,5.43200740006,1.90155663054
13.55,5.45105036927,1.8471413417
13.56,5.35583552319,1.79310691223
13.57,5.32727106937,1.73969137927
13.58,5.47009333849,1.68570455723
13.59,5.29870661555,1.63186055746
13.6,5.2415777079,1.57915913584
13.61,5.32727106937,1.52631489196
13.62,5.39392146163,1.4727089293
13.63,5.69801387629,1.41724925261
13.64,5.08982904696,1.363310038
13.65,5.11839350079,1.31226892526
13.66,5.08030756236,1.26127541994
13.67,5.38439997702,1.20895188225
13.68,5.16600092383,1.15619987774
13.69,5.07078607775,1.10501594273
13.7,5.11839350079,1.05407004484
13.71,5.08982904696,1.0030289321
13.72,5.08982904696,0.952130641633
13.73,4.99461420088,0.901708425394
13.74,4.82382257073,0.852616241536
13.75,4.91844232402,0.803904917062
13.76,4.79525811691,0.755336414857
13.77,4.82382257073,0.707241011419
13.78,4.72860772465,0.659478859942
13.79,4.68100030161,0.612430819811
13.8,4.59530694014,0.566049283602
13.81,4.50068718685,0.520569312967
13.82,4.51973015607,0.475467226253
13.83,4.50068718685,0.430365139538
13.84,4.38642937156,0.385929556746
13.85,4.25312858705,0.342731766953
13.86,4.3197789793,0.299867229121
13.87,4.12042289533,0.257666219748
13.88,3.89190726474,0.217604568948
13.89,3.84489493449,0.178920557951
13.9,3.7306371192,0.141042897683
13.91,3.67350821155,0.104022171029
13.92,3.42654470453,0.0685219064489
13.93,3.22718862056,0.0352532398234
13.94,2.97963002075,0.00421914661687
13.95,2.84692432903,-0.024913625132
13.96,2.64697315227,-0.0523831125385
13.97,2.57139636819,-0.0784749601408
13.98,2.37144519143,-0.103189167939
13.99,2.29527331456,-0.126522760469
14,2.19113207667,-0.148954787425
14.01,2.12448168441,-0.17053285623
14.02,2.03878832294,-0.191349206267
14.03,1.9911808999,-0.211499052381
14.04,1.887039662,-0.230890155191
14.05,1.82991075436,-0.249474907273
14.06,1.7632603621,-0.267440762855
14.07,1.70613145446,-0.284787721938
14.08,1.67756700063,-0.301706214213
14.09,1.60199021656,-0.318104000299
14.1,1.55438279352,-0.33388586535
14.11,1.51629685509,-0.349239263593
14.12,1.48773240126,-0.364259409874
14.13,1.46868943205,-0.379041519041
14.14,1.44012497822,-0.393585591092
14.15,1.43060349362,-0.407939233451
14.16,1.39251755518,-0.422054838695
14.17,1.35443161675,-0.435789584555
14.18,1.32586716293,-0.449191078454
14.19,1.30682419371,-0.462354535237
14.2,1.27885483268,-0.475282930369
14.21,1.23124740964,-0.48783344158
14.22,1.15507553278,-0.499765056292
14.23,1.11698959435,-0.511125381928
14.24,1.07890365591,-0.522104848179
14.25,1.05033920209,-0.532751062469
14.26,1.03129623288,-0.543159239644
14.27,1.01225326366,-0.553376987127
14.28,0.974167325228,-0.563309090071
14.29,0.983688809836,-0.573098370747
14.3,0.936676479585,-0.582700197194
14.31,0.917633510369,-0.591971747144
14.32,0.879547571938,-0.600957652555
14.33,0.860504602722,-0.609657913428
14.34,0.860504602722,-0.618262959456
14.35,0.87002608733,-0.626915612906
14.36,0.841461633507,-0.63547305151
14.37,0.831940148899,-0.643840060422
14.38,0.831940148899,-0.652159461911
14.39,0.822418664291,-0.660431255977
14.4,0.822418664291,-0.66865544262
14.41,0.78433272586,-0.676689199571
14.42,0.774811241252,-0.684484919406
14.43,0.774811241252,-0.692233031819
14.44,0.746246787428,-0.699838321962
14.45,0.727203818213,-0.70720557499
14.46,0.698639364389,-0.714334790903
14.47,0.689117879781,-0.721273577124
14.48,0.670074910566,-0.728069541076
14.49,0.641510456742,-0.734627467912
14.5,0.641510456742,-0.74104257248
14.51,0.632584064922,-0.747413045088
14.52,0.623062580315,-0.753691278314
14.53,0.613541095707,-0.759874296695
14.54,0.594498126491,-0.765914492805
14.55,0.594498126491,-0.77185947407
14.56,0.594498126491,-0.777804455335
14.57,0.594498126491,-0.7837494366
14.58,0.584976641883,-0.789646810442
14.59,0.565933672668,-0.795401362015
14.6,0.546890703452,-0.800965483895
14.61,0.55641218806,-0.806481998353
14.62,0.537369218844,-0.811950905388
14.63,0.480240311197,-0.817038953038
14.64,0.375503980511,-0.821317674496
14.65,0.233276804182,-0.82436157842
14.66,0.0904545350641,-0.825980235116
14.67,-0.0232081874419,-0.826316466854
14.68,-0.156508971952,-0.825417881057
14.69,-0.318374210285,-0.823043465146
14.7,-0.489165840438,-0.819005764892
14.71,-0.641509594163,-0.813352387719
14.72,-0.774215285885,-0.806273763319
14.73,-0.840865678139,-0.798198358499
14.74,-0.831344193532,-0.789837309141
14.75,-0.821822708924,-0.781571474628
14.76,-0.840865678139,-0.773258032693
14.77,-0.945602008826,-0.764325694258
14.78,-1.06878621594,-0.754253753134
14.79,-1.21160848506,-0.742851779629
14.8,-1.24969442349,-0.730545265087
14.81,-1.33479269217,-0.717622829508
14.82,-1.41096456903,-0.703894043202
14.83,-1.46809347668,-0.689498752974
14.84,-1.58235129197,-0.67424652913
14.85,-1.68649252987,-0.657902310021
14.86,-1.80075034517,-0.640466095646
14.87,-1.94357261428,-0.621744480849
14.88,-2.04771385218,-0.601788048517
14.89,-2.08579979061,-0.581120480303
14.9,-2.17149315208,-0.559834015589
14.91,-2.1905361213,-0.538023869222
14.92,-2.24766502895,-0.515832863471
14.93,-2.28515587459,-0.493168758953
14.94,-2.30419884381,-0.470221985361
14.95,-2.2946773592,-0.447227604346
14.96,-2.31372032841,-0.424185615908
14.97,-2.35180626684,-0.400857982932
14.98,-2.32324181302,-0.377482742533
14.99,-2.36132775145,-0.35405989471
15,-2.36132775145,-0.330446617196
15.01,-2.36132775145,-0.306833339681
15.02,-2.39941368988,-0.283029632475
15.03,-2.38037072067,-0.259130710422
15.04,-2.37084923606,-0.235374610638
15.05,-2.35180626684,-0.211761333124
15.06,-2.36132775145,-0.188195663032
15.07,-2.31372032841,-0.164820422633
15.08,-2.33276329763,-0.141588004503
15.09,-2.34228478224,-0.118212764103
15.1,-2.36132775145,-0.094694701435
15.11,-2.2946773592,-0.0714146758817
15.12,-2.35180626684,-0.0481822577515
15.13,-2.33276329763,-0.0247594099292
15.14,-2.34228478224,-0.00138416952984
15.15,-2.31372032841,0.0218958560234
15.16,-2.26670799816,0.0447979976563
15.17,-2.25718651355,0.0674174702148
15.18,-2.24766502895,0.0899417279273
15.19,-2.20957909052,0.112227948525
15.2,-2.20005760591,0.134276132007
15.21,-2.1905361213,0.156229100643
15.22,-2.20957909052,0.178229676702
15.23,-2.1905361213,0.200230252761
15.24,-2.20957909052,0.22223082882
15.25,-2.14292869826,0.243993367764
15.26,-2.18101463669,0.265613084439
15.27,-2.13340721365,0.287185193691
15.28,-2.20957909052,0.308900125211
15.29,-2.14292869826,0.330662664155
15.3,-2.11436424444,0.351949128869
15.31,-2.08579979061,0.372949949044
15.32,-2.07627830601,0.393760339527
15.33,-2.10484275983,0.414665944856
15.34,-2.09532127522,0.435666765032
15.35,-2.18101463669,0.457048444591
15.36,-2.18101463669,0.478858590958
15.37,-2.15245018287,0.500525915056
15.38,-2.10484275983,0.521812379769
15.39,-2.08579979061,0.542765592522
15.4,-2.05723533679,0.563480768159
15.41,-2.05723533679,0.584053121526
15.42,-1.99058494453,0.604292222933
15.43,-2.01914939836,0.624340894647
15.44,-1.98106345993,0.644341958939
15.45,-2.08579979061,0.664676275192
15.46,-1.99058494453,0.685058198867
15.47,-1.98106345993,0.70491644089
15.48,-1.99058494453,0.724774682912
15.49,-1.94357261428,0.744445470706
15.5,-1.91500816046,0.76373837458
15.51,-1.90548667585,0.782840848761
15.52,-1.91500816046,0.801943322943
15.53,-1.8388362836,0.820712545163
15.54,-1.80075034517,0.838910478307
15.55,-1.78170737595,0.856822766913
15.56,-1.76266440673,0.874544625826
15.57,-1.70553549909,0.891885625355
15.58,-1.74362143752,0.909131410038
15.59,-1.68649252987,0.926281979875
15.6,-1.67697104526,0.943099297751
15.61,-1.64840659144,0.959726185934
15.62,-1.62995871501,0.976118012466
15.63,-1.58235129197,0.992179562501
15.64,-1.4966579305,1.00757460861
15.65,-1.42048605364,1.02216032853
15.66,-1.38240011521,1.03617475938
15.67,-1.30682333114,1.04962087661
15.68,-1.2687373927,1.06249868023
15.69,-1.2687373927,1.07518605416
15.7,-1.2592159081,1.08782582066
15.71,-1.29730184653,1.10060840943
15.72,-1.2687373927,1.11343860563
15.73,-1.27825887731,1.12617358698
15.74,-1.2592159081,1.13886096091
15.75,-1.19256551584,1.15111986803
15.76,-1.1449580928,1.16280748607
15.77,-1.05926473133,1.17382860019
15.78,-0.936080524218,1.18380532647
15.79,-0.7932582551,1.19245202036
15.8,-0.660552563379,1.19972107446
15.81,-0.460601386614,1.20532684421
15.82,-0.232680848814,1.20879325538
15.83,0.0618900812406,1.20964720922
15.84,0.385025465119,1.20741263149
15.85,0.679596395174,1.20208952219
15.86,0.908112025762,1.19415098008
15.87,1.0598606867,1.18431111652
15.88,1.13603256356,1.17333165027
15.89,1.31634567832,1.16106975906
15.9,1.40203903979,1.14747783547
15.91,1.51629685509,1.132886156
15.92,1.62995957759,1.11715487383
15.93,1.74421739289,1.10028398898
15.94,1.83943223896,1.08236574082
15.95,1.91560411583,1.06359055905
15.96,1.9911808999,1.04405663397
15.97,2.02926683833,1.02395439528
15.98,2.1054387152,1.00328086751
15.99,2.19113207667,0.981798013551
16,2.20065356127,0.959839085361
16.01,2.27623034535,0.937454665828
16.02,2.29527331456,0.914597147528
16.03,2.32383776839,0.891501592113
16.04,2.37144519143,0.868025177314
16.05,2.39048816064,0.844215510554
16.06,2.41905261447,0.820167806678
16.07,2.44761706829,0.795834458265
16.08,2.40000964525,0.771596324697
16.09,2.44761706829,0.747358191129
16.1,2.40953112986,0.723072450138
16.11,2.38096667604,0.699119961109
16.12,2.333359253,0.675548331464
16.13,2.35240222221,0.652119524088
16.14,2.30479479917,0.628833538981
16.15,2.30479479917,0.605785590989
16.16,2.32383776839,0.582642428151
16.17,2.23873949971,0.559829541811
16.18,2.25778246892,0.537346931968
16.19,2.2292180151,0.514911929548
16.2,2.27623034535,0.492384687745
16.21,2.23873949971,0.46980983852
16.22,2.24826098431,0.4473748361
16.23,2.29527331456,0.424657164606
16.24,2.29527331456,0.40170443146
16.25,2.26670886074,0.378894520583
16.26,2.20065356127,0.356557708473
16.27,2.17208910745,0.33469399513
16.28,2.14352465363,0.313115926324
16.29,2.08639574598,0.291966324326
16.3,2.06735277676,0.271197581713
16.31,2.07687426137,0.250476446522
16.32,2.01022386912,0.23004095587
16.33,1.96261644608,0.210176754294
16.34,1.94357347686,0.190645804679
16.35,1.8775181774,0.171540346408
16.36,1.85847520818,0.15286037948
16.37,1.82991075436,0.134418449667
16.38,1.79182481593,0.116309771816
16.39,1.78230333132,0.0984391310793
16.4,1.77278184671,0.0806637051891
16.41,1.77278184671,0.062935886722
16.42,1.79182481593,0.0451128534088
16.43,1.79182481593,0.0271946052495
16.44,1.75373887749,0.0094667867824
16.45,1.71565293906,-0.00788017230034
16.46,1.69660996985,-0.0249414868449
16.47,1.69660996985,-0.0419075865434
16.48,1.65852403142,-0.0586832565497
16.49,1.62995957759,-0.0751256745948
16.5,1.62043809298,-0.0913776629476
16.51,1.55438279352,-0.10725176738
16.52,1.5353398243,-0.122700380469
16.53,1.54486130891,-0.138101386135
16.54,1.50677537048,-0.153359569532
16.55,1.47821091666,-0.168284500968
16.56,1.44012497822,-0.182876180442
16.57,1.42108200901,-0.197182215378
16.58,1.36395310136,-0.21110739093
16.59,1.32586716293,-0.224556492252
16.6,1.25029037886,-0.237437279961
16.61,1.13603256356,-0.249368894673
16.62,1.00273177905,-0.260062716386
16.63,0.831940148899,-0.269236076026
16.64,0.604019611099,-0.276415874826
16.65,0.318375072864,-0.281027848245
16.66,0.0142826582014,-0.282691136901
16.67,-0.355865055928,-0.280983224912
16.68,-0.745650832061,-0.275475645472
16.69,-1.06878621594,-0.266403460232
16.7,-1.32527120756,-0.254433173115
16.71,-1.52522238433,-0.240180705155
16.72,-1.69601401448,-0.224074523161
16.73,-1.88644370664,-0.206162234556
16.74,-1.98106345993,-0.186824698723
16.75,-2.0667568214,-0.166585597316
16.76,-2.11436424444,-0.145679991987
16.77,-2.13340721365,-0.124441134696
16.78,-2.17149315208,-0.102916632868
16.79,-2.17149315208,-0.081201701347
16.8,-2.15245018287,-0.0595819846722
16.81,-2.20005760591,-0.0378194457283
16.82,-2.20957909052,-0.0157712622462
16.83,-2.28515587459,0.00670241257936
16.84,-2.2946773592,0.0296015787483
16.85,-2.32324181302,0.0526911746094
16.86,-2.33276329763,0.0759712001627
16.87,-2.36132775145,0.0994416554081
16.88,-2.2946773592,0.122721680961
16.89,-2.32324181302,0.145811276822
16.9,-2.25718651355,0.168713418455
16.91,-2.26670799816,0.191332891014
16.92,-2.25718651355,0.213952363572
16.93,-2.26670799816,0.236571836131
16.94,-2.26670799816,0.259238916113
16.95,-2.22862205973,0.281715566402
16.96,-2.18101463669,0.303763749884
16.97,-2.16197166748,0.325478681405
16.98,-2.17149315208,0.347146005503
16.99,-2.14292869826,0.368718114754
17,-2.12388572904,0.390052186891
17.01,-2.11436424444,0.411243436758
17.02,-2.10484275983,0.43233947178
17.03,-2.05723533679,0.453149862263
17.04,-2.03819236757,0.473627000785
17.05,-2.00962791375,0.493866102191
17.06,-1.99058494453,0.513867166483
17.07,-2.00962791375,0.533868230774
17.08,-2.00010642914,0.553916902488
17.09,-1.98106345993,0.573822751934
17.1,-1.95309409889,0.593493539728
17.11,-1.96202049071,0.613069112676
17.12,-1.91500816046,0.632454255932
17.13,-1.87692222203,0.651413907844
17.14,-1.90548667585,0.670325952334
17.15,-1.86740073742,0.6891903894
17.16,-1.82931479899,0.707673967082
17.17,-1.82931479899,0.725967115072
17.18,-1.86740073742,0.744450692754
17.19,-1.81027182977,0.76283905559
17.2,-1.80075034517,0.780894166465
17.21,-1.75314292213,0.798663632801
17.22,-1.75314292213,0.816195062022
17.23,-1.78170737595,0.833869313513
17.24,-1.76266440673,0.851591172426
17.25,-1.75314292213,0.86917020907
17.26,-1.77218589134,0.886796853138
17.27,-1.75314292213,0.904423497205
17.28,-1.67697104526,0.921574067042
17.29,-1.68649252987,0.938391384918
17.3,-1.65792807605,0.955113487947
17.31,-1.63888510683,0.971597553862
17.32,-1.60139426119,0.987798950702
17.33,-1.58235129197,1.00371767847
17.34,-1.54426535354,1.0193507617
17.35,-1.4966579305,1.03455537812
17.36,-1.4871364459,1.04947435
17.37,-1.43000753825,1.06406006992
17.38,-1.41096456903,1.07826493045
17.39,-1.38240011521,1.09223175388
17.4,-1.34431417678,1.10586532534
17.41,-1.28778036192,1.11902579803
17.42,-1.27825887731,1.13185599423
17.43,-1.2592159081,1.14454336815
17.44,-1.24969442349,1.15708791981
17.45,-1.2592159081,1.16963247147
17.46,-1.24017293888,1.1821294157
17.47,-1.24017293888,1.19453114509
17.48,-1.22112996966,1.20683765963
17.49,-1.18304403123,1.21885852964
17.5,-1.12591512359,1.23040332541
17.51,-1.11639363898,1.24161486923
17.52,-1.07830770055,1.25258837592
17.53,-1.03070027751,1.26313341581
17.54,-1.00213582368,1.27329759632
17.55,-0.964644978041,1.28313150033
17.56,-0.92655903961,1.29258752042
17.57,-0.888473101179,1.30166268112
17.58,-0.840865678139,1.31030937502
17.59,-0.774215285885,1.31838477984
17.6,-0.717086378238,1.32584128816
17.61,-0.679000439806,1.33282172225
17.62,-0.622466624947,1.33932905757
17.63,-0.631988109555,1.34560133124
17.64,-0.651031078771,1.35201642719
17.65,-0.651031078771,1.35852673797
17.66,-0.651031078771,1.36503704876
17.67,-0.651031078771,1.37154735955
17.68,-0.631988109555,1.37796245549
17.69,-0.631988109555,1.38428233659
17.7,-0.603423655732,1.39045939541
17.71,-0.574859201908,1.3963508097
17.72,-0.498687325045,1.40171854234
17.73,-0.432036932791,1.40637216363
17.74,-0.318374210285,1.41012421934
17.75,-0.185073425775,1.41264145752
17.76,-0.0136867028341,1.41363525816
17.77,0.166626411927,1.41287055962
17.78,0.375503980511,1.41015990766
17.79,0.565933672668,1.40545271939
17.8,0.698639364389,1.39912985421
17.81,0.841461633507,1.39142934922
17.82,0.946197964193,1.38249105123
17.83,1.00273177905,1.37274640251
17.84,1.1836399866,1.36181454368
17.85,1.31634567832,1.34931461536
17.86,1.44012497822,1.33553226208
17.87,1.52581833969,1.32070254549
17.88,1.62995957759,1.3049236559
17.89,1.69660996985,1.28829080816
17.9,1.71565293906,1.27122949362
17.91,1.74421739289,1.25393014196
17.92,1.7632603621,1.23639275318
17.93,1.7632603621,1.21876014956
17.94,1.79182481593,1.20098472367
17.95,1.81086778514,1.18297126067
17.96,1.78230333132,1.16500540508
17.97,1.84895372357,1.14684911981
17.98,1.85847520818,1.12831197515
17.99,1.887039662,1.1095844008
18,1.92512560044,1.09052357449
18.01,1.96261644608,1.07108486426
18.02,1.98165941529,1.05136348495
18.03,2.04830980755,1.03121363883
18.04,2.07687426137,1.01058771849
18.05,2.1149601998,0.989628546184
18.06,2.14352465363,0.968336121917
18.07,2.14352465363,0.94690087538
18.08,2.08639574598,0.925751273382
18.09,2.06735277676,0.904982530769
18.1,2.04830980755,0.884404217847
18.11,2.01974535373,0.864063942041
18.12,2.03878832294,0.843771273657
18.13,2.07687426137,0.823192960736
18.14,2.04830980755,0.802567040391
18.15,2.01022386912,0.782274372008
18.16,2.00070238451,0.76221974074
18.17,2.01022386912,0.742165109471
18.18,1.93464708504,0.722440754701
18.19,1.91560411583,0.703189498696
18.2,1.94357347686,0.683893610733
18.21,1.90608263122,0.664645330192
18.22,1.91560411583,0.645536896457
18.23,1.91560411583,0.626380855299
18.24,1.89656114661,0.607320028987
18.25,1.89656114661,0.588354417521
18.26,1.887039662,0.569436413477
18.27,1.85847520818,0.550708839127
18.28,1.86799669279,0.532076479622
18.29,1.85847520818,0.513444120117
18.3,1.81086778514,0.49509740515
18.31,1.77278184671,0.477179156991
18.32,1.78230333132,0.459403731101
18.33,1.7632603621,0.441675912634
18.34,1.74421739289,0.424138523859
18.35,1.74421739289,0.40669634993
18.36,1.71565293906,0.38939699827
18.37,1.70613145446,0.372288076303
18.38,1.70613145446,0.355226761758
18.39,1.69660996985,0.338213054636
18.4,1.68708848524,0.321294562361
18.41,1.6394810622,0.304661714624
18.42,1.67756700063,0.28807647431
18.43,1.67756700063,0.271300804303
18.44,1.62995957759,0.254763171412
18.45,1.61091660838,0.238558790482
18.46,1.61091660838,0.222449624399
18.47,1.58294724734,0.20648030512
18.48,1.59246873195,0.190603225224
18.49,1.61091660838,0.174586298522
18.5,1.55438279352,0.158759801512
18.51,1.51629685509,0.143406403269
18.52,1.48773240126,0.128386256988
18.53,1.43060349362,0.113794577513
18.54,1.39251755518,0.0996789722692
18.55,1.38299607058,0.0858014041404
18.56,1.33538864754,0.0722094805498
18.57,1.30682419371,0.0589984163436
18.58,1.2877812245,0.0460253892525
18.59,1.25981186346,0.0332874238127
18.6,1.24076889425,0.0207845200241
18.61,1.23124740964,0.0084244385047
18.62,1.21220444042,-0.0037928207456
18.63,1.1836399866,-0.0157720428807
18.64,1.1836399866,-0.0276084427467
18.65,1.19316147121,-0.0394924500357
18.66,1.1836399866,-0.0513764573248
18.67,1.15507553278,-0.0630700349217
18.68,1.12651107895,-0.0744779679803
18.69,1.09794662513,-0.0856002565008
18.7,1.09794662513,-0.096579722752
18.71,1.05033920209,-0.107321151888
18.72,1.0598606867,-0.117872151332
18.73,1.0598606867,-0.128470758199
18.74,1.05033920209,-0.139021757643
18.75,1.04081771748,-0.149477542241
18.76,1.05033920209,-0.159933326839
18.77,1.05033920209,-0.17043671886
18.78,1.02177474827,-0.180797288611
18.79,1.01225326366,-0.190967428671
18.8,1.00273177905,-0.201042353885
18.81,0.983688809836,-0.210974456829
18.82,0.955719448801,-0.220671498122
18.83,0.946197964193,-0.230181085187
18.84,0.908112025762,-0.239452635137
18.85,0.898590541154,-0.248486147972
18.86,0.879547571938,-0.257376838537
18.87,0.87002608733,-0.266124706833
18.88,0.850983118115,-0.274729752861
18.89,0.831940148899,-0.283144369196
18.9,0.831940148899,-0.291463770685
18.91,0.793854210468,-0.299592742482
18.92,0.774811241252,-0.30743606974
18.93,0.765289756644,-0.31513657473
18.94,0.727203818213,-0.322599042604
18.95,0.641510456742,-0.329442613979
18.96,0.565933672668,-0.335479834626
18.97,0.480240311197,-0.340710704545
18.98,0.442154372766,-0.345322677965
18.99,0.394546949727,-0.349506184577
19,0.365982495903,-0.353308831805
19.01,0.318375072864,-0.356730619649
19.02,0.299927196436,-0.359822130996
19.03,0.290405711828,-0.362773795537
19.04,0.271362742613,-0.365582637809
19.05,0.252319773397,-0.368201050389
19.06,0.252319773397,-0.370724248123
19.07,0.261841258005,-0.37329505328
19.08,0.261841258005,-0.37591346586
19.09,0.242798288789,-0.378436663594
19.1,0.223755319574,-0.380769431636
19.11,0.19519086575,-0.382864162563
19.12,0.176147896535,-0.384720856374
19.13,0.176147896535,-0.38648233534
19.14,0.185669381142,-0.388291421728
19.15,0.185669381142,-0.390148115539
19.16,0.185669381142,-0.392004809351
19.17,0.176147896535,-0.393813895739
19.18,0.166626411927,-0.395527767281
19.19,0.147583442711,-0.397098816555
19.2,0.157104927319,-0.398622258405
19.21,0.138061958103,-0.400098092832
19.22,0.119018988888,-0.401383497567
19.23,0.128540473495,-0.402621294879
19.24,0.138061958103,-0.403954307037
19.25,0.128540473495,-0.405287319195
19.26,0.128540473495,-0.40657272393
19.27,0.0999760196719,-0.407715306396
19.28,0.0809330504562,-0.408619851746
19.29,0.0618900812406,-0.409333967405
19.3,0.0428471120249,-0.409857653371
19.31,0.0333256274171,-0.410238517068
19.32,0.0238041428092,-0.410524165919
19.33,-0.00476031101425,-0.410619385078
19.34,-0.0136867028341,-0.410527150009
19.35,-0.0136867028341,-0.410390282981
19.36,-0.00476031101425,-0.410298047912
19.37,0.0333256274171,-0.410440874494
19.38,0.0333256274171,-0.410774130768
19.39,0.0333256274171,-0.411107387042
19.4,-0.0136867028341,-0.411205581665
19.41,-0.0422511566576,-0.410925892367
19.42,-0.0612941258732,-0.410408165955
19.43,-0.0517726412654,-0.409842832119
19.44,-0.0422511566576,-0.409372713129
19.45,-0.0422511566576,-0.408950201563
19.46,-0.0422511566576,-0.408527689996
19.47,-0.0422511566576,-0.40810517843
19.48,-0.0327296720498,-0.407730274286
19.49,-0.0136867028341,-0.407498192412
19.5,-0.0136867028341,-0.407361325383
19.51,-0.0422511566576,-0.407081636086
19.52,-0.0422511566576,-0.406659124519
19.53,-0.0517726412654,-0.40618900553
19.54,-0.0708156104811,-0.405576064271
19.55,-0.0803370950889,-0.404820300743
19.56,-0.0803370950889,-0.404016929792
19.57,-0.0612941258732,-0.403308773687
19.58,-0.0327296720498,-0.402838654698
19.59,-0.0232081874419,-0.4025589654
19.6,-0.00476031101425,-0.402419122908
19.61,-0.0136867028341,-0.402326887839
19.62,-0.00476031101425,-0.40223465277
19.63,0.00476117359358,-0.402234657082
19.64,0.00476117359358,-0.402282268818
19.65,-0.0136867028341,-0.402237641172
19.66,-0.0136867028341,-0.402100774144
19.67,-0.0232081874419,-0.401916299692
19.68,-0.0422511566576,-0.401589002972
19.69,-0.0612941258732,-0.401071276559
19.7,-0.0708156104811,-0.400410727878
19.71,-0.0612941258732,-0.399750179196
19.72,-0.0898585796967,-0.398994415668
19.73,-0.0803370950889,-0.398143437294
19.74,-0.0803370950889,-0.397340066343
19.75,-0.0803370950889,-0.396536695392
19.76,-0.0803370950889,-0.395733324441
19.77,-0.0993800643046,-0.394834738644
19.78,-0.127944518128,-0.393698115732
19.79,-0.127944518128,-0.392418670551
19.8,-0.11842303352,-0.391186832793
19.81,-0.0898585796967,-0.390145424727
19.82,-0.0803370950889,-0.389294446353
19.83,-0.0803370950889,-0.388491075402
19.84,-0.0993800643046,-0.387592489605
19.85,-0.127944518128,-0.386455866693
19.86,-0.166030456559,-0.384985991819
19.87,-0.166030456559,-0.383325687254
19.88,-0.175551941167,-0.381617775265
19.89,-0.175551941167,-0.379862255853
19.9,-0.166030456559,-0.378154343865
19.91,-0.166030456559,-0.376494039299
19.92,-0.166030456559,-0.374833734734
19.93,-0.166030456559,-0.373173430168
19.94,-0.166030456559,-0.371513125602
19.95,-0.166030456559,-0.369852821037
19.96,-0.166030456559,-0.368192516471
19.97,-0.166030456559,-0.366532211906
19.98,-0.137466002736,-0.365014729609
19.99,-0.137466002736,-0.363640069582
20,-0.137466002736,-0.362265409554
